,words
0,tofu
1,form
2,flavors
3,lite
4,pasta
5,parfait
6,dewberries
7,provolone
8,opossum
9,currants
10,thuringer
11,combed
12,croaker
13,cracklings
14,sorbet
15,jacks
16,throttle
17,pop
18,puff
19,swedish
20,small
21,reported
22,sunshine
23,original
24,meatball
25,artichoke
26,twix
27,ribs
28,teriyaki
29,bleu
30,beans
31,90
32,seven
33,path
34,haupia
35,youngberries
36,camembert
37,enchilada
38,sections
39,easter
40,serve
41,cordon
42,walnut
43,sweetened
44,snowpea
45,semi
46,pike
47,pico
48,cheesecake
49,explorer
50,butter
51,licuado
52,boston
53,sauces
54,armenian
55,mountain
56,quarter
57,nutritional
58,miniature
59,balance
60,jarred
61,parmesan
62,caramel
63,rolls
64,tamale
65,chick
66,blue
67,taro
68,graham
69,candies
70,navel
71,pear
72,breading
73,soybean
74,raspberry
75,bison
76,half
77,protect
78,quail
79,hoisin
80,nutty
81,similac
82,cool
83,maple
84,japanese
85,uncooked
86,bayo
87,swirl
88,chile
89,paneer
90,brains
91,fish
92,maws
93,marie
94,sunflower
95,deluxe
96,25%
97,store
98,lb
99,kellogg
100,prepackaged
101,carb
102,ethiopian
103,catfish
104,19
105,lunch
106,hazelnut
107,nos
108,wax
109,goldfish
110,pressed
111,canola
112,namasu
113,barbara
114,it
115,carrorts
116,puffed
117,chiles
118,dipped
119,cottonseed
120,lime
121,huckleberries
122,pounder
123,tail
124,gimlet
125,marshmallow
126,beverage
127,pannetone
128,starch
129,korean
130,beer
131,pea
132,summer
133,egg
134,gandules
135,vanilla
136,breaded
137,bar
138,pomegranate
139,broccoli
140,chewing
141,worcestershire
142,fudgesicle
143,rings
144,no
145,coffee
146,biscayne
147,grapes
148,de
149,flaked
150,granola
151,refrigerated
152,bites
153,tamal
154,brussels
155,deer
156,drop
157,whey
158,propel
159,nuggets
160,mixed
161,mousse
162,higher
163,extract
164,carne
165,pepper
166,aged
167,gatorade
168,single
169,meatballs
170,slice
171,game
172,mills
173,seaweed
174,walnuts
175,seasonings
176,groats
177,singapore
178,lightened
179,radish
180,froot
181,various
182,crayfish
183,pretzel
184,quinoa
185,cut
186,mac
187,cooler
188,side
189,gravy
190,dippin
191,pho
192,hollandaise
193,melba
194,olive
195,combination
196,lump
197,skin
198,cinnabon
199,shaped
200,buns
201,fruities
202,omelet
203,a
204,recipe
205,ceviche
206,loin
207,energize
208,fortified
209,strained
210,tenderloin
211,bananas
212,triple
213,deep
214,cutlet
215,lobster
216,dandelion
217,string
218,waterpack
219,coco
220,squash
221,patty
222,fettuccine
223,pao
224,roll
225,strips
226,malt
227,removed
228,turtle
229,corned
230,souffle
231,cow
232,guineo
233,isopure
234,unroasted
235,batido
236,iron
237,grain
238,kashi
239,tortilla
240,oolong
241,spritzer
242,kabob
243,devil
244,healt
245,buffalo
246,cured
247,peruvian
248,relish
249,goose
250,la
251,corn
252,tartare
253,lotus
254,turnips
255,refried
256,with
257,powerbar
258,sensitive
259,stir
260,theater
261,item
262,spaghetti
263,kibby
264,shortribs
265,kippered
266,timbale
267,zabaglione
268,etc
269,sweetener
270,plus
271,loaf
272,english
273,peanuts
274,ravani
275,cal
276,romaine
277,protein
278,dip
279,individual
280,rolo
281,less
282,tetrazzini
283,dehydrated
284,sausages
285,enfacare
286,harina
287,rockstar
288,ricotta
289,artichokes
290,island
291,floured
292,bloody
293,ritz
294,rockefeller
295,poultry
296,purchased
297,adherent
298,tilapia
299,berry
300,pimiento
301,tangelo
302,shav
303,gizzard
304,made
305,boysenberry
306,nutramigen
307,mary
308,beets
309,macchiato
310,dog
311,indian
312,doughnut
313,lightly
314,penuche
315,joe
316,nuts
317,school
318,feed
319,lima
320,cafe
321,like
322,challah
323,gluten
324,bagel
325,grated
326,goulash
327,blanco
328,pastrami
329,ensure
330,nfs
331,longans
332,gordita
333,harvard
334,kumquat
335,bologna
336,zone
337,ground
338,5%
339,butterfinger
340,melt
341,saccharin
342,coated
343,starfruit
344,newburg
345,macadamia
346,brioche
347,molasses
348,tzatziki
349,peel
350,upma
351,kefir
352,living
353,malaguena
354,spit
355,grains
356,gelatin
357,lychee
358,california
359,can
360,replacement
361,cold
362,lemon
363,dutch
364,precooked
365,whole
366,to
367,smacks
368,raised
369,buckwheat
370,buttermilk
371,nonalcoholic
372,king
373,k
374,portuguese
375,punch
376,easy
377,south
378,arroz
379,as
380,yellow
381,cilantro
382,ale
383,shirley
384,seed
385,20
386,solution
387,carmelized
388,flakes
389,puree
390,diplomat
391,grow
392,cornish
393,valley
394,sugared
395,licorice
396,frozen
397,taffy
398,special
399,lasagna
400,upside
401,zombie
402,fluid
403,imitation
404,knockwurst
405,rutabaga
406,spooners
407,vera
408,codfish
409,au
410,cholesterol
411,classic
412,raisin
413,golden
414,air
415,snow
416,livers
417,serrano
418,bacon
419,salted
420,chunks
421,unsweetened
422,coating
423,shortbread
424,sopa
425,fried
426,fiber
427,at
428,ravioli
429,dulce
430,chow
431,broth
432,mature
433,seasoned
434,ladyfinger
435,link
436,base
437,basbousa
438,fry
439,quaker
440,chard
441,johnnycake
442,creamy
443,minced
444,dots
445,baconator
446,crusts
447,tips
448,watercress
449,american
450,colby
451,lily
452,mole
453,raspberries
454,savoy
455,frosted
456,fruity
457,churros
458,mince
459,assume
460,butterscotch
461,asa
462,bulgur
463,bitter
464,calzone
465,banana
466,greens
467,fideo
468,mars
469,saag
470,valenciana
471,house
472,fly
473,lo
474,sambar
475,swamp
476,shoots
477,bacardi
478,diet
479,pinto
480,two
481,yung
482,puffins
483,stuffing
484,hamburgers
485,skittles
486,fresco
487,rob
488,shot
489,muscle
490,autumn
491,paper
492,tub
493,aspartame
494,mock
495,nougat
496,chocolate
497,frankfurters
498,krispies
499,natto
500,kidney
501,ready
502,way
503,carribean
504,complete
505,braised
506,carrots
507,pheasant
508,cup
509,pan
510,paella
511,unprocessed
512,dried
513,barbecue
514,stock
515,puramino
516,leche
517,el
518,nutrition
519,curd
520,steamed
521,grasshopper
522,gazpacho
523,aloe
524,stuffed
525,puri
526,wing
527,one
528,ginger
529,vault
530,food
531,beverages
532,glaceau
533,crabs
534,sauteed
535,cheddar
536,oatmeal
537,olives
538,sope
539,salad
540,count
541,tropical
542,young
543,pina
544,cobbler
545,glucose
546,welsh
547,chipped
548,green
549,toffee
550,lefse
551,sunrise
552,zbar
553,neck
554,basic
555,toblerone
556,ga
557,about
558,kamikaze
559,scrapple
560,post
561,pecans
562,home
563,eggplant
564,calabaza
565,adobo
566,graduates
567,wild
568,g
569,battered
570,back
571,legs
572,links
573,french
574,eggnog
575,tutti
576,submarine
577,covered
578,tai
579,burrito
580,salt
581,eas
582,potted
583,shad
584,creamer
585,spiced
586,colossal
587,yuca
588,ghee
589,shoo
590,dew
591,sixlets
592,break
593,giblet
594,assorted
595,fozen
596,concentrate
597,total
598,poppy
599,brie
600,kat
601,capri
602,whatchamacallit
603,flavor
604,delight
605,tangerine
606,rye
607,peanut
608,rhubarb
609,fritos
610,carp
611,lentils
612,mortadella
613,tenders
614,carob
615,blend
616,ray
617,oeuvres
618,honeydew
619,loganberries
620,the
621,hearts
622,cod
623,blackberry
624,pig
625,chappatti
626,julienne
627,marmalade
628,couscous
629,m
630,brewed
631,somen
632,asian
633,added
634,pickled
635,bibimbap
636,rigatoni
637,yogurt
638,mackerel
639,nesquik
640,casabe
641,chocula
642,sobe
643,chips
644,light
645,toasters
646,aguada
647,chrysanthemum
648,calico
649,juice
650,content
651,gumdrops
652,ranch
653,cornmeal
654,cotija
655,potatoes
656,horchata
657,gin
658,chipotle
659,borscht
660,mocha
661,transitions
662,snout
663,decaffeinated
664,animal
665,soybeans
666,melted
667,temple
668,jam
669,trix
670,covering
671,pearl
672,condensed
673,luffa
674,john
675,edamame
676,dinner
677,sesame
678,dominicana
679,hazelnuts
680,salut
681,topping
682,kix
683,deli
684,glazed
685,pears
686,dairy
687,espresso
688,leafy
689,chorizo
690,gizzards
691,cracked
692,wine
693,acai
694,cherry
695,spareribs
696,lard
697,spaetzle
698,organic
699,sprouts
700,mainly
701,kale
702,g2
703,mix
704,dove
705,cadillac
706,flavored
707,large
708,halvah
709,breadfruit
710,poke
711,liquid
712,greyhound
713,jambalaya
714,dishes
715,shell
716,cannelloni
717,congealed
718,fear
719,shu
720,duck
721,pepperpot
722,cereal
723,hoagie
724,guacamole
725,apple
726,breadsticks
727,meringue
728,long
729,radicchio
730,avocado
731,dobos
732,suey
733,pediasure
734,squeezed
735,burdock
736,3
737,caffeine
738,chop
739,nectarine
740,mcdouble
741,crackers
742,bran
743,sticks
744,cornbread
745,sports
746,plain
747,prosobee
748,tomatoes
749,o
750,tea
751,size
752,garden
753,wilted
754,roquefort
755,oh
756,2
757,moochim
758,start
759,cranberries
760,bisque
761,restructured
762,gumbo
763,mush
764,rich
765,pone
766,dwarf
767,seasoning
768,style
769,mint
770,soda
771,raisins
772,yam
773,italian
774,pops
775,commercial
776,sling
777,sauce
778,2%
779,oats
780,salsify
781,anisette
782,dukboki
783,spoonbread
784,pecan
785,n
786,jute
787,slaw
788,mango
789,processed
790,roast
791,vada
792,apricots
793,carnation
794,burger
795,chess
796,50%
797,wrap
798,chip
799,irish
800,sorghum
801,nut
802,wheat
803,date
804,funnel
805,icing
806,blackberries
807,fuzzy
808,cassaba
809,based
810,100%
811,homemade
812,miscellaneous
813,tartar
814,medium
815,cuban
816,sun
817,20%
818,spray
819,pasteles
820,head
821,energy
822,feet
823,edam
824,mini
825,polish
826,fruitti
827,chili
828,formula
829,salvadorian
830,perch
831,papad
832,daikon
833,krave
834,salami
835,stack
836,dora
837,turkish
838,passion
839,musketeers
840,whipped
841,mimosa
842,bread
843,millet
844,freshly
845,chutney
846,raab
847,entree
848,biscuit
849,scallopini
850,extra
851,barfi
852,pancake
853,dates
854,antipasto
855,clusters
856,hocks
857,chunky
858,hors
859,split
860,stew
861,quiche
862,crumpet
863,crunch
864,blueberries
865,naan
866,jalapeno
867,potato
868,wellington
869,milky
870,pumpernickel
871,gingersnaps
872,toll
873,mai
874,bottom
875,rose
876,any
877,scotch
878,chinese
879,oysters
880,pieces
881,perfect
882,condiments
883,sponge
884,pate
885,filling
886,caressed
887,squares
888,hayacas
889,major
890,tootie
891,noncitrus
892,dasheen
893,crust
894,ratatouille
895,mozzarella
896,double
897,blended
898,tablet
899,szechuan
900,puerto
901,fashioned
902,crunchy
903,turnip
904,helper
905,eggs
906,chiliburger
907,preserve
908,seca
909,rancheros
910,calories
911,ladoo
912,marble
913,poached
914,heavy
915,frankenberry
916,wafer
917,poi
918,roasted
919,lentil
920,strudel
921,nacho
922,guava
923,vitaman
924,scalloped
925,stewed
926,general
927,nonfat
928,squid
929,tortellini
930,combinations
931,cordial
932,pulled
933,snap
934,peppers
935,liqueur
936,palm
937,loops
938,seafood
939,pancakes
940,enfamil
941,thinly
942,angel
943,manhattan
944,fillet
945,bass
946,water
947,calves
948,medley
949,cocoa
950,holiday
951,roarin
952,powder
953,sprouted
954,manoa
955,sundae
956,substitute
957,doritos
958,cider
959,pakora
960,england
961,kohlrabi
962,pink
963,carton
964,lactose
965,pita
966,cap
967,starchy
968,dish
969,collins
970,tapioca
971,sesbania
972,chives
973,reconsitituted
974,flounder
975,monk
976,flatbread
977,filled
978,gum
979,beet
980,whiting
981,jerusalem
982,flax
983,chowder
984,round
985,porcupine
986,1
987,brittle
988,cress
989,catalina
990,uncle
991,wheaties
992,caesar
993,skim
994,artificial
995,tahini
996,table
997,restaurant
998,parsnips
999,parsley
1000,sources
1001,reese
1002,saltine
1003,chitterlings
1004,cantaloupe
1005,hog
1006,method
1007,sliced
1008,redeye
1009,pickles
1010,bursts
1011,asadero
1012,roe
1013,dumpling
1014,cacciatore
1015,motherload
1016,tripe
1017,friends
1018,tequila
1019,pre
1020,rice
1021,health
1022,watermelon
1023,rugelach
1024,apricot
1025,muffin
1026,wendy
1027,truffle
1028,creme
1029,milk
1030,portion
1031,chia
1032,alpha
1033,cowpeas
1034,native
1035,croutons
1036,luncheon
1037,rican
1038,cabbage
1039,on
1040,ingredient
1041,industrial
1042,christmas
1043,dirty
1044,fortune
1045,gentlease
1046,tempura
1047,and
1048,gyro
1049,imperial
1050,dressing
1051,amp
1052,sherbet
1053,fricassee
1054,pregestimil
1055,slim
1056,newborn
1057,fries
1058,4
1059,blossom
1060,calorie
1061,miso
1062,huckleberry
1063,crispy
1064,syrup
1065,evaporated
1066,dill
1067,glucerna
1068,port
1069,berries
1070,sangria
1071,persimmon
1072,chicken
1073,baking
1074,beef
1075,reconstituted
1076,tongue
1077,meringues
1078,orange
1079,old
1080,almond
1081,puffs
1082,grahams
1083,premature
1084,lebkuchen
1085,chocolatey
1086,celeriac
1087,herring
1088,fontina
1089,fritter
1090,mein
1091,clarified
1092,pralines
1093,poblano
1094,microwave
1095,hash
1096,fennel
1097,sunny
1098,quisp
1099,combined
1100,jicama
1101,cruller
1102,kid
1103,cape
1104,agave
1105,go
1106,dark
1107,for
1108,monster
1109,lettuce
1110,quesadilla
1111,supremes
1112,okra
1113,dessert
1114,pudding
1115,leaf
1116,fritters
1117,pine
1118,roos
1119,sahadi
1120,herbalife
1121,mushroom
1122,raw
1123,solids
1124,kung
1125,dreamsicle
1126,discs
1127,tiger
1128,oxtail
1129,roots
1130,soyburger
1131,bulb
1132,congee
1133,lowfat
1134,unbuttered
1135,cone
1136,yeast
1137,foods
1138,oat
1139,sam
1140,enfragrow
1141,tots
1142,triscuit
1143,arugula
1144,pinacbet
1145,apples
1146,cola
1147,fajita
1148,vegetable
1149,garbanzo
1150,supreme
1151,cactus
1152,cucumber
1153,ostrich
1154,thins
1155,nestum
1156,canadian
1157,selects
1158,barbecued
1159,muenster
1160,hominy
1161,pizza
1162,fresh
1163,crispix
1164,shoulder
1165,woven
1166,candy
1167,jack
1168,ball
1169,good
1170,cookie
1171,thin
1172,pulp
1173,bakery
1174,casserole
1175,hen
1176,tiramisu
1177,rapeseed
1178,russian
1179,variety
1180,tteokbokki
1181,gallo
1182,mung
1183,injera
1184,gratin
1185,dipps
1186,low
1187,drumstick
1188,waters
1189,clif
1190,xs
1191,channa
1192,winter
1193,cluster
1194,meat
1195,other
1196,margarine
1197,derma
1198,sumarine
1199,spinach
1200,rabbit
1201,wafers
1202,soft
1203,blossoms
1204,fig
1205,margarita
1206,sandwiches
1207,tap
1208,drained
1209,moo
1210,colada
1211,calcium
1212,deviled
1213,blanket
1214,vienna
1215,paratha
1216,bouillabaisse
1217,gai
1218,nachos
1219,100
1220,pompano
1221,batter
1222,cracker
1223,reduced
1224,wiener
1225,strong
1226,liver
1227,whirls
1228,boost
1229,dietetic
1230,pie
1231,fruits
1232,spice
1233,planters
1234,snails
1235,nutri
1236,brick
1237,masa
1238,nectar
1239,sherry
1240,human
1241,hunan
1242,packed
1243,slip
1244,cranberry
1245,grecian
1246,syrian
1247,alfalfa
1248,scrambled
1249,burgundy
1250,foo
1251,rusty
1252,eaten
1253,soursop
1254,vitamin
1255,macaroon
1256,popover
1257,powerade
1258,salty
1259,kimchi
1260,prosciutto
1261,cooked
1262,mustard
1263,lau
1264,tres
1265,bouillon
1266,dha
1267,fricasse
1268,cobb
1269,sweetbreads
1270,hummus
1271,tuna
1272,lamb
1273,queso
1274,soy
1275,chilaquiles
1276,fufu
1277,root
1278,forest
1279,snack
1280,lean
1281,mandarin
1282,ruth
1283,expert
1284,rarebit
1285,rock
1286,venison
1287,scampi
1288,crumb
1289,herbal
1290,linguini
1291,immature
1292,nail
1293,cocktail
1294,heart
1295,red
1296,glutinous
1297,steak
1298,caribbean
1299,mixture
1300,salmon
1301,paste
1302,sea
1303,wonton
1304,7
1305,ns
1306,ruffled
1307,chamnamul
1308,heat
1309,dough
1310,abalone
1311,celery
1312,new
1313,salads
1314,plantains
1315,mcdonald
1316,baby
1317,containing
1318,bones
1319,nondairy
1320,spanakopitta
1321,chai
1322,whiskey
1323,mulberries
1324,nugget
1325,excluding
1326,black
1327,marathon
1328,types
1329,chewy
1330,pretzels
1331,hot
1332,pesto
1333,frog
1334,mashed
1335,macaroni
1336,lemonade
1337,danish
1338,or
1339,julep
1340,mostly
1341,monterey
1342,vodka
1343,roy
1344,vegetables
1345,wings
1346,asopao
1347,textured
1348,confectioner
1349,sugar
1350,buds
1351,creole
1352,sauerkraut
1353,calamondin
1354,mullet
1355,sausage
1356,gnocchi
1357,brunswick
1358,great
1359,shepherd
1360,crab
1361,alcoholic
1362,garlic
1363,fast
1364,smart
1365,golean
1366,parts
1367,morsels
1368,latte
1369,pumpkin
1370,tabbouleh
1371,alcohol
1372,brand
1373,matzo
1374,cran
1375,thai
1376,turkey
1377,baklava
1378,lucky
1379,morsel
1380,only
1381,crispbread
1382,burfi
1383,alpen
1384,anejo
1385,nest
1386,alexander
1387,jus
1388,pineapple
1389,biscotti
1390,malted
1391,high
1392,blackeye
1393,non
1394,cassava
1395,pepperoni
1396,cheeseburger
1397,commercially
1398,hibiscus
1399,multigrain
1400,kettle
1401,fat
1402,toddler
1403,concentrates
1404,alimentum
1405,flan
1406,benedict
1407,arepa
1408,moose
1409,creamsicle
1410,chopped
1411,stick
1412,plum
1413,bird
1414,up
1415,martini
1416,breakfast
1417,wedding
1418,sirloin
1419,cherries
1420,snowpeas
1421,verde
1422,chestnut
1423,pound
1424,cooking
1425,shellfish
1426,grape
1427,including
1428,neosure
1429,frankfurter
1430,wasabi
1431,junior
1432,shrimp
1433,ambrosia
1434,formed
1435,thigh
1436,gold
1437,mints
1438,strip
1439,recaito
1440,custard
1441,shells
1442,zucchini
1443,mussels
1444,brownie
1445,rellenos
1446,croquette
1447,zero
1448,cashews
1449,chestnuts
1450,dumplings
1451,brandy
1452,brazil
1453,crunchberries
1454,care
1455,strawberry
1456,lomi
1457,electrolyte
1458,pack
1459,salsa
1460,burritos
1461,german
1462,meats
1463,boiled
1464,farmer
1465,cheerios
1466,drink
1467,honey
1468,blood
1469,not
1470,clams
1471,charms
1472,enfagrow
1473,mushrooms
1474,prunes
1475,roti
1476,tom
1477,vermicelli
1478,jr
1479,kit
1480,sweetner
1481,safflower
1482,cauliflower
1483,whopper
1484,bratwurst
1485,chex
1486,separately
1487,d
1488,waffle
1489,kiev
1490,divinity
1491,brown
1492,scallops
1493,fizz
1494,hawaiian
1495,cheese
1496,shortcake
1497,eel
1498,glug
1499,weetabix
1500,aspic
1501,rolled
1502,regular
1503,candied
1504,armadillo
1505,blends
1506,barracuda
1507,yolk
1508,c
1509,frosting
1510,tamarind
1511,spaetzel
1512,pocky
1513,dry
1514,40%
1515,fruit
1516,christophine
1517,shake
1518,granulated
1519,screwdriver
1520,jelly
1521,truffles
1522,rinds
1523,1%
1524,gerber
1525,flour
1526,franks
1527,empanada
1528,meal
1529,preserved
1530,product
1531,pistachio
1532,sloe
1533,noodles
1534,burst
1535,seedless
1536,bars
1537,grilled
1538,shark
1539,shredded
1540,thick
1541,noodle
1542,iced
1543,pastry
1544,prune
1545,leg
1546,caribou
1547,peaches
1548,oxtails
1549,from
1550,jerky
1551,gruyere
1552,skins
1553,wrapped
1554,gouda
1555,gefilte
1556,bean
1557,snickers
1558,cake
1559,creamed
1560,yokan
1561,fava
1562,midnight
1563,blintz
1564,swiss
1565,ham
1566,beach
1567,baked
1568,dosa
1569,flauta
1570,menudo
1571,teething
1572,catsup
1573,cupcake
1574,grits
1575,champagne
1576,oyster
1577,cornstarch
1578,r
1579,yat
1580,just
1581,movie
1582,bun
1583,sandwich
1584,halibut
1585,crepe
1586,bunches
1587,stevia
1588,muesli
1589,sushi
1590,pigeon
1591,liverwurst
1592,hamburger
1593,taquito
1594,color
1595,carbonated
1596,octopus
1597,mutton
1598,snacks
1599,cream
1600,soupy
1601,blueberry
1602,spanish
1603,pad
1604,leaves
1605,sweet
1606,coconut
1607,european
1608,quick
1609,broccoflower
1610,parmigiana
1611,fondant
1612,buttered
1613,rickey
1614,confections
1615,vegetarian
1616,quezadilla
1617,consomme
1618,grapefruit
1619,honeycomb
1620,sloppy
1621,turnover
1622,tostada
1623,chickpeas
1624,pfeffernusse
1625,cashew
1626,jai
1627,bake
1628,hush
1629,divan
1630,leek
1631,thistle
1632,vinegar
1633,eclair
1634,advance
1635,full
1636,40
1637,place
1638,tonic
1639,components
1640,griddle
1641,of
1642,cottage
1643,brisket
1644,gingerbread
1645,norwegian
1646,germ
1647,chimichanga
1648,drippings
1649,tso
1650,fudge
1651,boneless
1652,toast
1653,onions
1654,porgy
1655,maraschino
1656,goat
1657,marshmallows
1658,layer
1659,all
1660,serenata
1661,boo
1662,skinless
1663,marsala
1664,huevos
1665,isomil
1666,chihuahua
1667,hard
1668,leather
1669,bottled
1670,crisp
1671,asparagus
1672,rotisserie
1673,chiffon
1674,sardine
1675,balls
1676,spread
1677,swordfish
1678,bull
1679,fondue
1680,stroganoff
1681,puppy
1682,boysenberries
1683,marinade
1684,chickpea
1685,maduro
1686,lower
1687,dyno
1688,tops
1689,goo
1690,club
1691,curry
1692,veal
1693,ears
1694,s
1695,spicy
1696,barley
1697,topped
1698,pilaf
1699,seabreeze
1700,short
1701,sprinkles
1702,plantain
1703,meatless
1704,strawberries
1705,hopping
1706,smoothie
1707,ocean
1708,pizzelle
1709,radishes
1710,free
1711,in
1712,biryani
1713,whip
1714,cinnamon
1715,bruschetta
1716,kishke
1717,cheetos
1718,casino
1719,fajitas
1720,knish
1721,zwieback
1722,palak
1723,peas
1724,cracklin
1725,pressurized
1726,toasted
1727,sodium
1728,chamomile
1729,tart
1730,grand
1731,powdered
1732,canned
1733,varieties
1734,pattie
1735,infant
1736,stinger
1737,bamboo
1738,peach
1739,nature
1740,chalupa
1741,without
1742,rum
1743,greek
1744,melon
1745,kiwi
1746,white
1747,sturgeon
1748,limburger
1749,smoked
1750,domestic
1751,unsalted
1752,than
1753,scone
1754,fun
1755,treats
1756,oil
1757,gentle
1758,mayonnaise
1759,wheats
1760,con
1761,acidophilus
1762,du
1763,big
1764,vinaigrette
1765,bits
1766,onion
1767,almonds
1768,flaxseed
1769,ice
1770,mexican
1771,manicotti
1772,focaccia
1773,down
1774,teddy
1775,feta
1776,bear
1777,alaska
1778,escarole
1779,shortening
1780,alfredo
1781,anchovy
1782,pot
1783,soup
1784,applesauce
1785,coleslaw
1786,chicory
1787,juneberry
1788,clam
1789,instant
1790,shish
1791,trout
1792,tsukemono
1793,minestrone
1794,thousand
1795,plums
1796,haddock
1797,finger
1798,flash
1799,sweetend
1800,carrot
1801,horseradish
1802,salisbury
1803,flowers
1804,field
1805,trail
1806,raccoon
1807,lambsquarter
1808,mineral
1809,sucralose
1810,packaged
1811,k20
1812,pebbles
1813,papaya
1814,ripe
1815,figs
1816,kind
1817,reuben
1818,pork
1819,jerked
1820,part
1821,popped
1822,bolillo
1823,basil
1824,broiled
1825,morado
1826,dogs
1827,diarrhea
1828,morning
1829,taco
1830,sour
1831,prepared
1832,canary
1833,beaver
1834,pupusa
1835,citrus
1836,collards
1837,wth
1838,falafel
1839,breast
1840,tannier
1841,mojito
1842,croissant
1843,squirrel
1844,cane
1845,eat
1846,life
1847,type
1848,kids
1849,daiquiri
1850,cappuccino
1851,cookies
1852,jagerbomb
1853,sardines
1854,seeds
1855,tomato
1856,popcorn
1857,sopaipilla
1858,patties
1859,used
1860,cheez
1861,famila
1862,torte
1863,toasty
1864,mateys
